raw_value,parsed_date,treated_as_current,outcome
April 2017,2017-04-01,,parsed
April 2019,2019-04-01,,parsed
April 2021,2021-04-01,,parsed
April 2022,2022-04-01,,parsed
April 2023,2023-04-01,,parsed
April 2024,2024-04-01,,parsed
Aug 2015,2015-08-01,,parsed
Aug 2022,2022-08-01,,parsed
August 2010,2010-08-01,,parsed
August 2012,2012-08-01,,parsed
August 2014,2014-08-01,,parsed
August 2015,2015-08-01,,parsed
August 2016,2016-08-01,,parsed
August 2017,2017-08-01,,parsed
August 2018,2018-08-01,,parsed
August 2019,2019-08-01,,parsed
August 2020,2020-08-01,,parsed
August 2021,2021-08-01,,parsed
August 2022,2022-08-01,,parsed
August 2023,2023-08-01,,parsed
Dec 2017,2017-12-01,,parsed
December 2013,2013-12-01,,parsed
December 2014,2014-12-01,,parsed
December 2016,2016-12-01,,parsed
December 2017,2017-12-01,,parsed
December 2018,2018-12-01,,parsed
December 2019,2019-12-01,,parsed
December 2020,2020-12-01,,parsed
December 2021,2021-12-01,,parsed
December 2022,2022-12-01,,parsed
December 2023,2023-12-01,,parsed
December 2024,2024-12-01,,parsed
Feb 2021,2021-02-01,,parsed
Feb 2022,2022-02-01,,parsed
Feb 2023,2023-02-01,,parsed
February 2017,2017-02-01,,parsed
February 2018,2018-02-01,,parsed
February 2019,2019-02-01,,parsed
February 2020,2020-02-01,,parsed
February 2021,2021-02-01,,parsed
February 2022,2022-02-01,,parsed
February 2023,2023-02-01,,parsed
February 2024,2024-02-01,,parsed
Jan 2018,2018-01-01,,parsed
January 2010,2010-01-01,,parsed
January 2012,2012-01-01,,parsed
January 2013,2013-01-01,,parsed
January 2014,2014-01-01,,parsed
January 2015,2015-01-01,,parsed
January 2016,2016-01-01,,parsed
January 2017,2017-01-01,,parsed
January 2018,2018-01-01,,parsed
January 2019,2019-01-01,,parsed
January 2020,2020-01-01,,parsed
January 2021,2021-01-01,,parsed
January 2022,2022-01-01,,parsed
January 2023,2023-01-01,,parsed
January 2024,2024-01-01,,parsed
Jul 2019,2019-07-01,,parsed
Jul 2021,2021-07-01,,parsed
July 2010,2010-07-01,,parsed
July 2012,2012-07-01,,parsed
July 2013,2013-07-01,,parsed
July 2014,2014-07-01,,parsed
July 2015,2015-07-01,,parsed
July 2016,2016-07-01,,parsed
July 2017,2017-07-01,,parsed
July 2018,2018-07-01,,parsed
July 2019,2019-07-01,,parsed
July 2020,2020-07-01,,parsed
July 2021,2021-07-01,,parsed
July 2022,2022-07-01,,parsed
July 2023,2023-07-01,,parsed
Jun 2019,2019-06-01,,parsed
June 2009,2009-06-01,,parsed
June 2010,2010-06-01,,parsed
June 2012,2012-06-01,,parsed
June 2013,2013-06-01,,parsed
June 2014,2014-06-01,,parsed
June 2015,2015-06-01,,parsed
June 2016,2016-06-01,,parsed
June 2017,2017-06-01,,parsed
June 2018,2018-06-01,,parsed
June 2019,2019-06-01,,parsed
June 2020,2020-06-01,,parsed
June 2021,2021-06-01,,parsed
June 2022,2022-06-01,,parsed
June 2023,2023-06-01,,parsed
Mar 2021,2021-03-01,,parsed
Mar 2022,2022-03-01,,parsed
Mar 2023,2023-03-01,,parsed
March 2010,2010-03-01,,parsed
March 2012,2012-03-01,,parsed
March 2016,2016-03-01,,parsed
March 2017,2017-03-01,,parsed
March 2018,2018-03-01,,parsed
March 2019,2019-03-01,,parsed
March 2020,2020-03-01,,parsed
March 2021,2021-03-01,,parsed
March 2022,2022-03-01,,parsed
March 2023,2023-03-01,,parsed
March 2024,2024-03-01,,parsed
May 2015,2015-05-01,,parsed
May 2016,2016-05-01,,parsed
May 2017,2017-05-01,,parsed
May 2018,2018-05-01,,parsed
May 2019,2019-05-01,,parsed
May 2020,2020-05-01,,parsed
May 2021,2021-05-01,,parsed
May 2022,2022-05-01,,parsed
May 2023,2023-05-01,,parsed
November 2016,2016-11-01,,parsed
November 2017,2017-11-01,,parsed
November 2019,2019-11-01,,parsed
November 2020,2020-11-01,,parsed
November 2021,2021-11-01,,parsed
November 2022,2022-11-01,,parsed
November 2023,2023-11-01,,parsed
October 2017,2017-10-01,,parsed
October 2019,2019-10-01,,parsed
October 2020,2020-10-01,,parsed
October 2021,2021-10-01,,parsed
October 2022,2022-10-01,,parsed
October 2023,2023-10-01,,parsed
Present,,yes,current (end_date = NULL)
Sep 2017,2017-09-01,,parsed
Sep 2022,2022-09-01,,parsed
September 2010,2010-09-01,,parsed
September 2011,2011-09-01,,parsed
September 2012,2012-09-01,,parsed
September 2014,2014-09-01,,parsed
September 2015,2015-09-01,,parsed
September 2016,2016-09-01,,parsed
September 2017,2017-09-01,,parsed
September 2018,2018-09-01,,parsed
September 2019,2019-09-01,,parsed
September 2020,2020-09-01,,parsed
September 2021,2021-09-01,,parsed
September 2022,2022-09-01,,parsed
September 2023,2023-09-01,,parsed
