id,folder,role,seniority,years,location,github,inconsistency_types,filename
001,inconsistent,Staff Engineer,Senior,6,"Oxford, United Kingdom",True,fictional_company_2,cv_001_staff_engineer_senior.pdf
002,inconsistent,Staff Engineer,Senior,8,"Barcelona, Spain",True,ai_text,cv_002_staff_engineer_senior.pdf
003,inconsistent,DevOps Engineer,Junior,1,"Stockholm, Sweden",True,career_incoherent|fictional_company,cv_003_devops_engineer_junior.pdf
004,inconsistent,Research Engineer,Mid,5,"Barcelona, Spain",True,ai_text,cv_004_research_engineer_mid.pdf
005,inconsistent,Research Engineer,Senior,6,"Edinburgh, United Kingdom",False,company_substitution|career_incoherent,cv_005_research_engineer_senior.pdf
006,inconsistent,Research Engineer,Junior,2,"Stockholm, Sweden",True,fictional_company_2|career_incoherent,cv_006_research_engineer_junior.pdf
007,inconsistent,Staff Engineer,Staff,14,"Glasgow, United Kingdom",False,ai_text,cv_007_staff_engineer_staff.pdf
008,inconsistent,Research Engineer,Senior,6,"Cambridge, United Kingdom",False,career_incoherent|skills_mismatch,cv_008_research_engineer_senior.pdf
009,inconsistent,Staff Engineer,Staff,10,"Amsterdam, Netherlands",False,career_incoherent|fictional_company_2|tech_anachronism,cv_009_staff_engineer_staff.pdf
010,inconsistent,Staff Engineer,Senior,8,"Cambridge, United Kingdom",True,career_incoherent|ai_text,cv_010_staff_engineer_senior.pdf
011,inconsistent,Staff Engineer,Staff,10,"Cambridge, United Kingdom",False,geo_mismatch|career_incoherent,cv_011_staff_engineer_staff.pdf
012,inconsistent,Data Scientist,Mid,5,"Berlin, Germany",True,geo_mismatch|skills_mismatch,cv_012_data_scientist_mid.pdf
013,inconsistent,Machine Learning Engineer,Senior,6,"Cambridge, United Kingdom",False,career_incoherent|geo_mismatch|tech_anachronism,cv_013_machine_learning_engineer_senior.pdf
014,inconsistent,Frontend Engineer,Senior,6,"Birmingham, United Kingdom",False,fictional_company,cv_014_frontend_engineer_senior.pdf
015,inconsistent,Data Scientist,Mid,5,"Leeds, United Kingdom",False,fictional_company_2|geo_mismatch,cv_015_data_scientist_mid.pdf
016,inconsistent,Frontend Engineer,Staff,14,"Oxford, United Kingdom",False,fictional_company_2,cv_016_frontend_engineer_staff.pdf
017,inconsistent,Staff Engineer,Staff,14,"Berlin, Germany",False,date_overlap|skills_mismatch,cv_017_staff_engineer_staff.pdf
018,inconsistent,Data Engineer,Senior,8,"Leeds, United Kingdom",False,career_incoherent,cv_018_data_engineer_senior.pdf
019,inconsistent,Staff Engineer,Senior,6,"Amsterdam, Netherlands",False,tech_anachronism|fictional_company|career_incoherent,cv_019_staff_engineer_senior.pdf
020,inconsistent,Backend Engineer,Staff,10,"Bristol, United Kingdom",False,ai_text|fictional_company,cv_020_backend_engineer_staff.pdf
021,inconsistent,DevOps Engineer,Junior,1,"Lisbon, Portugal",False,date_overlap|tech_anachronism|company_substitution,cv_021_devops_engineer_junior.pdf
022,inconsistent,Full Stack Engineer,Mid,4,"Dublin, Ireland",False,ai_text|tech_anachronism,cv_022_full_stack_engineer_mid.pdf
023,inconsistent,Principal Engineer,Staff,12,"Amsterdam, Netherlands",False,skills_mismatch|fictional_company_2|tech_anachronism,cv_023_principal_engineer_staff.pdf
024,inconsistent,DevOps Engineer,Junior,2,"London, United Kingdom",True,ai_text,cv_024_devops_engineer_junior.pdf
025,inconsistent,Data Engineer,Junior,1,"Cambridge, United Kingdom",True,company_substitution,cv_025_data_engineer_junior.pdf
026,inconsistent,Data Scientist,Mid,4,"Lisbon, Portugal",True,skills_mismatch,cv_026_data_scientist_mid.pdf
027,inconsistent,DevOps Engineer,Staff,12,"Glasgow, United Kingdom",True,geo_mismatch|company_substitution|ai_text,cv_027_devops_engineer_staff.pdf
028,inconsistent,Frontend Engineer,Staff,14,"Manchester, United Kingdom",False,fictional_company_2|fictional_company|ai_text,cv_028_frontend_engineer_staff.pdf
029,inconsistent,Principal Engineer,Staff,10,"Cambridge, United Kingdom",False,skills_mismatch|date_overlap|ai_text,cv_029_principal_engineer_staff.pdf
030,inconsistent,Machine Learning Engineer,Senior,7,"Cambridge, United Kingdom",False,skills_mismatch,cv_030_machine_learning_engineer_senior.pdf
031,inconsistent,Research Engineer,Junior,1,"Stockholm, Sweden",False,ai_text,cv_031_research_engineer_junior.pdf
032,inconsistent,Machine Learning Engineer,Staff,12,"Lisbon, Portugal",False,fictional_company|date_overlap,cv_032_machine_learning_engineer_staff.pdf
033,inconsistent,Frontend Engineer,Junior,2,"Oxford, United Kingdom",False,career_incoherent|geo_mismatch,cv_033_frontend_engineer_junior.pdf
034,inconsistent,Principal Engineer,Staff,10,"Glasgow, United Kingdom",False,tech_anachronism,cv_034_principal_engineer_staff.pdf
035,inconsistent,Data Engineer,Senior,6,"Manchester, United Kingdom",False,tech_anachronism|date_overlap|fictional_company,cv_035_data_engineer_senior.pdf
036,inconsistent,Data Analyst,Junior,1,"Edinburgh, United Kingdom",True,ai_text|geo_mismatch|fictional_company,cv_036_data_analyst_junior.pdf
037,inconsistent,BI Analyst,Mid,5,"Zurich, Switzerland",True,geo_mismatch,cv_037_bi_analyst_mid.pdf
038,inconsistent,Staff Engineer,Staff,12,"Glasgow, United Kingdom",False,ai_text|career_incoherent,cv_038_staff_engineer_staff.pdf
039,inconsistent,Frontend Engineer,Mid,5,"Liverpool, United Kingdom",True,fictional_company,cv_039_frontend_engineer_mid.pdf
040,inconsistent,Full Stack Engineer,Junior,1,"Stockholm, Sweden",True,date_overlap|company_substitution,cv_040_full_stack_engineer_junior.pdf
041,inconsistent,Data Scientist,Mid,4,"Liverpool, United Kingdom",True,career_incoherent|fictional_company|company_substitution,cv_041_data_scientist_mid.pdf
042,inconsistent,Data Analyst,Senior,8,"Bristol, United Kingdom",False,career_incoherent,cv_042_data_analyst_senior.pdf
043,inconsistent,Data Scientist,Junior,1,"Oxford, United Kingdom",True,company_substitution,cv_043_data_scientist_junior.pdf
044,inconsistent,DevOps Engineer,Senior,8,"Lisbon, Portugal",True,fictional_company_2,cv_044_devops_engineer_senior.pdf
045,inconsistent,Staff Engineer,Staff,12,"Manchester, United Kingdom",True,career_incoherent,cv_045_staff_engineer_staff.pdf
046,inconsistent,Machine Learning Engineer,Staff,14,"Barcelona, Spain",False,fictional_company_2,cv_046_machine_learning_engineer_staff.pdf
047,inconsistent,Principal Engineer,Senior,8,"Manchester, United Kingdom",False,tech_anachronism|date_overlap|ai_text,cv_047_principal_engineer_senior.pdf
048,inconsistent,Machine Learning Engineer,Junior,2,"Amsterdam, Netherlands",False,company_substitution,cv_048_machine_learning_engineer_junior.pdf
049,inconsistent,DevOps Engineer,Mid,5,"Bristol, United Kingdom",True,geo_mismatch|date_overlap|fictional_company_2,cv_049_devops_engineer_mid.pdf
050,inconsistent,Machine Learning Engineer,Mid,4,"London, United Kingdom",True,geo_mismatch|ai_text,cv_050_machine_learning_engineer_mid.pdf
051,inconsistent,Software Engineer,Mid,5,"Bristol, United Kingdom",True,skills_mismatch,cv_051_software_engineer_mid.pdf
052,inconsistent,DevOps Engineer,Mid,4,"Amsterdam, Netherlands",True,ai_text,cv_052_devops_engineer_mid.pdf
053,inconsistent,Data Engineer,Mid,4,"Berlin, Germany",True,career_incoherent,cv_053_data_engineer_mid.pdf
054,inconsistent,Backend Engineer,Staff,14,"Stockholm, Sweden",False,fictional_company_2,cv_054_backend_engineer_staff.pdf
055,inconsistent,Software Engineer,Mid,5,"Oxford, United Kingdom",True,geo_mismatch|company_substitution|skills_mismatch,cv_055_software_engineer_mid.pdf
056,inconsistent,Research Engineer,Senior,7,"Zurich, Switzerland",False,geo_mismatch,cv_056_research_engineer_senior.pdf
057,inconsistent,BI Analyst,Mid,4,"Manchester, United Kingdom",False,tech_anachronism,cv_057_bi_analyst_mid.pdf
058,inconsistent,Research Engineer,Mid,4,"Barcelona, Spain",True,company_substitution|tech_anachronism|skills_mismatch,cv_058_research_engineer_mid.pdf
059,inconsistent,Data Scientist,Senior,8,"Liverpool, United Kingdom",False,geo_mismatch|career_incoherent,cv_059_data_scientist_senior.pdf
060,inconsistent,Data Analyst,Mid,3,"Barcelona, Spain",False,date_overlap|career_incoherent,cv_060_data_analyst_mid.pdf
061,inconsistent,Frontend Engineer,Junior,2,"Liverpool, United Kingdom",True,company_substitution|skills_mismatch|ai_text,cv_061_frontend_engineer_junior.pdf
062,inconsistent,Full Stack Engineer,Mid,5,"Lisbon, Portugal",False,date_overlap|fictional_company_2|tech_anachronism,cv_062_full_stack_engineer_mid.pdf
063,inconsistent,Data Analyst,Senior,6,"Cambridge, United Kingdom",False,ai_text,cv_063_data_analyst_senior.pdf
064,inconsistent,Machine Learning Engineer,Junior,1,"Cambridge, United Kingdom",False,fictional_company_2|skills_mismatch|ai_text,cv_064_machine_learning_engineer_junior.pdf
065,inconsistent,Staff Engineer,Senior,8,"Paris, France",False,date_overlap,cv_065_staff_engineer_senior.pdf
066,inconsistent,Staff Engineer,Senior,6,"Barcelona, Spain",True,tech_anachronism|skills_mismatch|fictional_company,cv_066_staff_engineer_senior.pdf
067,inconsistent,Data Analyst,Mid,3,"Madrid, Spain",True,tech_anachronism|company_substitution,cv_067_data_analyst_mid.pdf
068,inconsistent,Research Engineer,Staff,14,"Dublin, Ireland",False,skills_mismatch|date_overlap|company_substitution,cv_068_research_engineer_staff.pdf
069,inconsistent,Full Stack Engineer,Staff,12,"Cambridge, United Kingdom",False,tech_anachronism|skills_mismatch,cv_069_full_stack_engineer_staff.pdf
070,inconsistent,Staff Engineer,Senior,7,"Madrid, Spain",True,ai_text|career_incoherent,cv_070_staff_engineer_senior.pdf
071,inconsistent,Backend Engineer,Senior,8,"Edinburgh, United Kingdom",True,geo_mismatch,cv_071_backend_engineer_senior.pdf
072,inconsistent,Principal Engineer,Senior,8,"Glasgow, United Kingdom",True,company_substitution|skills_mismatch,cv_072_principal_engineer_senior.pdf
073,inconsistent,Frontend Engineer,Junior,1,"Barcelona, Spain",True,fictional_company|geo_mismatch|ai_text,cv_073_frontend_engineer_junior.pdf
074,inconsistent,Data Engineer,Senior,7,"Paris, France",False,tech_anachronism|ai_text,cv_074_data_engineer_senior.pdf
075,inconsistent,Full Stack Engineer,Mid,4,"Barcelona, Spain",True,company_substitution|geo_mismatch,cv_075_full_stack_engineer_mid.pdf
076,inconsistent,Principal Engineer,Senior,7,"Birmingham, United Kingdom",False,fictional_company|geo_mismatch|career_incoherent,cv_076_principal_engineer_senior.pdf
077,inconsistent,BI Analyst,Junior,1,"Barcelona, Spain",True,date_overlap|fictional_company,cv_077_bi_analyst_junior.pdf
078,inconsistent,Software Engineer,Staff,12,"Glasgow, United Kingdom",False,geo_mismatch|career_incoherent,cv_078_software_engineer_staff.pdf
079,inconsistent,Research Engineer,Staff,12,"Edinburgh, United Kingdom",False,tech_anachronism|fictional_company|date_overlap,cv_079_research_engineer_staff.pdf
080,inconsistent,DevOps Engineer,Junior,1,"London, United Kingdom",False,fictional_company,cv_080_devops_engineer_junior.pdf
081,inconsistent,BI Analyst,Mid,3,"Birmingham, United Kingdom",True,ai_text,cv_081_bi_analyst_mid.pdf
082,inconsistent,Full Stack Engineer,Senior,7,"Leeds, United Kingdom",False,fictional_company_2|date_overlap|skills_mismatch,cv_082_full_stack_engineer_senior.pdf
083,inconsistent,Data Scientist,Junior,2,"Copenhagen, Denmark",True,geo_mismatch|ai_text,cv_083_data_scientist_junior.pdf
084,inconsistent,Data Scientist,Mid,3,"Liverpool, United Kingdom",False,fictional_company_2|fictional_company|date_overlap,cv_084_data_scientist_mid.pdf
085,inconsistent,Data Analyst,Staff,14,"Amsterdam, Netherlands",True,company_substitution|fictional_company|geo_mismatch,cv_085_data_analyst_staff.pdf
086,inconsistent,Frontend Engineer,Staff,10,"Barcelona, Spain",False,skills_mismatch|date_overlap|ai_text,cv_086_frontend_engineer_staff.pdf
087,inconsistent,Machine Learning Engineer,Senior,8,"Stockholm, Sweden",False,geo_mismatch|career_incoherent,cv_087_machine_learning_engineer_senior.pdf
088,inconsistent,Backend Engineer,Mid,3,"Oxford, United Kingdom",False,skills_mismatch,cv_088_backend_engineer_mid.pdf
089,inconsistent,BI Analyst,Staff,12,"London, United Kingdom",False,date_overlap|skills_mismatch,cv_089_bi_analyst_staff.pdf
090,inconsistent,DevOps Engineer,Senior,7,"Berlin, Germany",True,career_incoherent|fictional_company|tech_anachronism,cv_090_devops_engineer_senior.pdf
091,inconsistent,DevOps Engineer,Junior,1,"Barcelona, Spain",True,skills_mismatch,cv_091_devops_engineer_junior.pdf
092,inconsistent,Staff Engineer,Staff,12,"London, United Kingdom",True,geo_mismatch,cv_092_staff_engineer_staff.pdf
093,inconsistent,Principal Engineer,Senior,7,"Copenhagen, Denmark",False,tech_anachronism|company_substitution|ai_text,cv_093_principal_engineer_senior.pdf
094,inconsistent,Principal Engineer,Staff,12,"Madrid, Spain",False,ai_text|fictional_company_2,cv_094_principal_engineer_staff.pdf
095,inconsistent,Principal Engineer,Senior,7,"Bristol, United Kingdom",False,date_overlap|ai_text|fictional_company_2,cv_095_principal_engineer_senior.pdf
096,inconsistent,Principal Engineer,Staff,12,"Copenhagen, Denmark",False,career_incoherent|fictional_company_2|geo_mismatch,cv_096_principal_engineer_staff.pdf
097,inconsistent,DevOps Engineer,Senior,6,"Amsterdam, Netherlands",True,tech_anachronism,cv_097_devops_engineer_senior.pdf
098,inconsistent,Machine Learning Engineer,Senior,6,"Manchester, United Kingdom",False,date_overlap|skills_mismatch|fictional_company,cv_098_machine_learning_engineer_senior.pdf
099,inconsistent,Data Engineer,Senior,7,"Lisbon, Portugal",False,fictional_company,cv_099_data_engineer_senior.pdf
100,inconsistent,Software Engineer,Staff,10,"Edinburgh, United Kingdom",False,fictional_company,cv_100_software_engineer_staff.pdf
101,inconsistent,Machine Learning Engineer,Mid,5,"Liverpool, United Kingdom",True,fictional_company_2,cv_101_machine_learning_engineer_mid.pdf
102,inconsistent,Data Analyst,Staff,14,"Zurich, Switzerland",False,tech_anachronism,cv_102_data_analyst_staff.pdf
103,inconsistent,Frontend Engineer,Staff,12,"Liverpool, United Kingdom",False,career_incoherent|fictional_company,cv_103_frontend_engineer_staff.pdf
104,inconsistent,BI Analyst,Junior,1,"Glasgow, United Kingdom",True,date_overlap,cv_104_bi_analyst_junior.pdf
105,inconsistent,DevOps Engineer,Mid,5,"Edinburgh, United Kingdom",True,skills_mismatch|tech_anachronism,cv_105_devops_engineer_mid.pdf
106,inconsistent,Software Engineer,Junior,1,"Liverpool, United Kingdom",False,skills_mismatch|fictional_company_2|company_substitution,cv_106_software_engineer_junior.pdf
107,inconsistent,DevOps Engineer,Senior,8,"Copenhagen, Denmark",False,geo_mismatch,cv_107_devops_engineer_senior.pdf
108,inconsistent,Data Scientist,Mid,5,"Birmingham, United Kingdom",False,fictional_company_2,cv_108_data_scientist_mid.pdf
109,inconsistent,Data Engineer,Mid,4,"Zurich, Switzerland",False,career_incoherent|skills_mismatch|fictional_company,cv_109_data_engineer_mid.pdf
110,inconsistent,Full Stack Engineer,Senior,8,"Paris, France",False,tech_anachronism|skills_mismatch|ai_text,cv_110_full_stack_engineer_senior.pdf
111,inconsistent,Data Scientist,Junior,2,"Berlin, Germany",True,fictional_company_2,cv_111_data_scientist_junior.pdf
112,inconsistent,DevOps Engineer,Junior,2,"Copenhagen, Denmark",True,skills_mismatch,cv_112_devops_engineer_junior.pdf
113,inconsistent,Data Analyst,Staff,12,"Leeds, United Kingdom",False,skills_mismatch|fictional_company_2,cv_113_data_analyst_staff.pdf
114,inconsistent,Full Stack Engineer,Senior,7,"Berlin, Germany",False,date_overlap,cv_114_full_stack_engineer_senior.pdf
115,inconsistent,Backend Engineer,Staff,14,"Lisbon, Portugal",False,tech_anachronism|fictional_company,cv_115_backend_engineer_staff.pdf
116,inconsistent,Full Stack Engineer,Junior,2,"Oxford, United Kingdom",True,tech_anachronism|fictional_company,cv_116_full_stack_engineer_junior.pdf
117,inconsistent,Staff Engineer,Staff,12,"Manchester, United Kingdom",False,skills_mismatch|tech_anachronism,cv_117_staff_engineer_staff.pdf
118,inconsistent,Research Engineer,Junior,1,"Oxford, United Kingdom",True,skills_mismatch|tech_anachronism,cv_118_research_engineer_junior.pdf
119,inconsistent,Data Scientist,Junior,1,"Leeds, United Kingdom",True,tech_anachronism,cv_119_data_scientist_junior.pdf
120,inconsistent,Frontend Engineer,Junior,1,"Bristol, United Kingdom",True,date_overlap,cv_120_frontend_engineer_junior.pdf
121,inconsistent,Full Stack Engineer,Senior,8,"Oxford, United Kingdom",False,skills_mismatch|ai_text,cv_121_full_stack_engineer_senior.pdf
122,inconsistent,Full Stack Engineer,Mid,4,"Glasgow, United Kingdom",False,date_overlap|fictional_company_2|tech_anachronism,cv_122_full_stack_engineer_mid.pdf
123,inconsistent,Research Engineer,Staff,12,"Dublin, Ireland",False,career_incoherent,cv_123_research_engineer_staff.pdf
124,inconsistent,Principal Engineer,Staff,14,"Copenhagen, Denmark",False,date_overlap|skills_mismatch,cv_124_principal_engineer_staff.pdf
125,inconsistent,Data Analyst,Staff,12,"Berlin, Germany",False,geo_mismatch|skills_mismatch|date_overlap,cv_125_data_analyst_staff.pdf
126,inconsistent,DevOps Engineer,Mid,5,"Paris, France",True,fictional_company|company_substitution,cv_126_devops_engineer_mid.pdf
127,inconsistent,Principal Engineer,Staff,14,"Paris, France",False,date_overlap|skills_mismatch|fictional_company,cv_127_principal_engineer_staff.pdf
128,inconsistent,Machine Learning Engineer,Senior,6,"Madrid, Spain",True,fictional_company|date_overlap,cv_128_machine_learning_engineer_senior.pdf
129,inconsistent,Frontend Engineer,Mid,3,"Lisbon, Portugal",False,company_substitution|geo_mismatch,cv_129_frontend_engineer_mid.pdf
130,inconsistent,Staff Engineer,Senior,7,"Stockholm, Sweden",False,skills_mismatch|fictional_company,cv_130_staff_engineer_senior.pdf
131,inconsistent,BI Analyst,Junior,1,"Liverpool, United Kingdom",False,fictional_company_2|geo_mismatch|fictional_company,cv_131_bi_analyst_junior.pdf
132,inconsistent,Research Engineer,Junior,2,"Leeds, United Kingdom",True,fictional_company,cv_132_research_engineer_junior.pdf
133,inconsistent,Backend Engineer,Junior,2,"Amsterdam, Netherlands",True,ai_text,cv_133_backend_engineer_junior.pdf
134,inconsistent,Data Analyst,Staff,14,"Leeds, United Kingdom",False,geo_mismatch,cv_134_data_analyst_staff.pdf
135,inconsistent,BI Analyst,Mid,4,"Copenhagen, Denmark",True,career_incoherent|skills_mismatch,cv_135_bi_analyst_mid.pdf
136,inconsistent,Software Engineer,Junior,2,"Liverpool, United Kingdom",True,fictional_company_2,cv_136_software_engineer_junior.pdf
137,inconsistent,Full Stack Engineer,Senior,8,"Liverpool, United Kingdom",False,career_incoherent|skills_mismatch,cv_137_full_stack_engineer_senior.pdf
138,inconsistent,Software Engineer,Mid,4,"Lisbon, Portugal",True,company_substitution|career_incoherent,cv_138_software_engineer_mid.pdf
139,inconsistent,Principal Engineer,Staff,10,"Paris, France",False,fictional_company|skills_mismatch|geo_mismatch,cv_139_principal_engineer_staff.pdf
140,inconsistent,Software Engineer,Mid,5,"Amsterdam, Netherlands",True,career_incoherent,cv_140_software_engineer_mid.pdf
141,inconsistent,Staff Engineer,Senior,8,"Bristol, United Kingdom",False,fictional_company|career_incoherent|geo_mismatch,cv_141_staff_engineer_senior.pdf
142,inconsistent,Full Stack Engineer,Junior,2,"Birmingham, United Kingdom",True,company_substitution|geo_mismatch,cv_142_full_stack_engineer_junior.pdf
143,inconsistent,Machine Learning Engineer,Mid,3,"Stockholm, Sweden",False,tech_anachronism|career_incoherent,cv_143_machine_learning_engineer_mid.pdf
144,inconsistent,Machine Learning Engineer,Senior,7,"Liverpool, United Kingdom",False,fictional_company_2|skills_mismatch,cv_144_machine_learning_engineer_senior.pdf
145,inconsistent,Data Scientist,Mid,3,"Paris, France",False,company_substitution|fictional_company_2|geo_mismatch,cv_145_data_scientist_mid.pdf
146,inconsistent,Frontend Engineer,Junior,2,"Stockholm, Sweden",True,career_incoherent|geo_mismatch,cv_146_frontend_engineer_junior.pdf
147,inconsistent,Staff Engineer,Staff,10,"Cambridge, United Kingdom",False,tech_anachronism|company_substitution|career_incoherent,cv_147_staff_engineer_staff.pdf
148,inconsistent,DevOps Engineer,Junior,2,"Liverpool, United Kingdom",True,date_overlap,cv_148_devops_engineer_junior.pdf
149,inconsistent,Data Engineer,Junior,2,"Lisbon, Portugal",True,tech_anachronism,cv_149_data_engineer_junior.pdf
150,inconsistent,Machine Learning Engineer,Staff,12,"Amsterdam, Netherlands",False,tech_anachronism|geo_mismatch|career_incoherent,cv_150_machine_learning_engineer_staff.pdf
151,legitimate,Principal Engineer,Senior,7,"Bristol, United Kingdom",False,,cv_151_principal_engineer_senior.pdf
152,legitimate,BI Analyst,Staff,12,"Manchester, United Kingdom",False,,cv_152_bi_analyst_staff.pdf
153,legitimate,DevOps Engineer,Staff,12,"Cambridge, United Kingdom",False,,cv_153_devops_engineer_staff.pdf
154,legitimate,Data Scientist,Senior,8,"Amsterdam, Netherlands",True,,cv_154_data_scientist_senior.pdf
155,legitimate,Software Engineer,Mid,3,"Madrid, Spain",True,,cv_155_software_engineer_mid.pdf
156,legitimate,DevOps Engineer,Junior,1,"Berlin, Germany",True,,cv_156_devops_engineer_junior.pdf
157,legitimate,Machine Learning Engineer,Mid,3,"Stockholm, Sweden",True,,cv_157_machine_learning_engineer_mid.pdf
158,legitimate,DevOps Engineer,Mid,4,"Birmingham, United Kingdom",False,,cv_158_devops_engineer_mid.pdf
159,legitimate,BI Analyst,Junior,2,"Birmingham, United Kingdom",False,,cv_159_bi_analyst_junior.pdf
160,legitimate,Data Analyst,Senior,6,"Bristol, United Kingdom",False,,cv_160_data_analyst_senior.pdf
161,legitimate,Data Engineer,Mid,3,"Amsterdam, Netherlands",False,,cv_161_data_engineer_mid.pdf
162,legitimate,DevOps Engineer,Senior,6,"Leeds, United Kingdom",True,,cv_162_devops_engineer_senior.pdf
163,legitimate,Machine Learning Engineer,Staff,14,"Bristol, United Kingdom",False,,cv_163_machine_learning_engineer_staff.pdf
164,legitimate,Full Stack Engineer,Staff,12,"Dublin, Ireland",False,,cv_164_full_stack_engineer_staff.pdf
165,legitimate,Full Stack Engineer,Mid,5,"Manchester, United Kingdom",False,,cv_165_full_stack_engineer_mid.pdf
166,legitimate,Staff Engineer,Staff,12,"London, United Kingdom",True,,cv_166_staff_engineer_staff.pdf
167,legitimate,Full Stack Engineer,Staff,12,"Bristol, United Kingdom",False,,cv_167_full_stack_engineer_staff.pdf
168,legitimate,Full Stack Engineer,Junior,1,"Berlin, Germany",True,,cv_168_full_stack_engineer_junior.pdf
169,legitimate,Data Scientist,Mid,4,"Zurich, Switzerland",False,,cv_169_data_scientist_mid.pdf
170,legitimate,Data Analyst,Senior,7,"Zurich, Switzerland",False,,cv_170_data_analyst_senior.pdf
171,legitimate,Full Stack Engineer,Staff,10,"Bristol, United Kingdom",False,,cv_171_full_stack_engineer_staff.pdf
172,legitimate,Staff Engineer,Senior,7,"Madrid, Spain",False,,cv_172_staff_engineer_senior.pdf
173,legitimate,Frontend Engineer,Senior,7,"Paris, France",False,,cv_173_frontend_engineer_senior.pdf
174,legitimate,Data Scientist,Senior,7,"Berlin, Germany",False,,cv_174_data_scientist_senior.pdf
175,legitimate,Backend Engineer,Mid,5,"Lisbon, Portugal",True,,cv_175_backend_engineer_mid.pdf
176,legitimate,Data Scientist,Junior,2,"Bristol, United Kingdom",False,,cv_176_data_scientist_junior.pdf
177,legitimate,Backend Engineer,Mid,5,"Manchester, United Kingdom",False,,cv_177_backend_engineer_mid.pdf
178,legitimate,Data Analyst,Senior,8,"Bristol, United Kingdom",False,,cv_178_data_analyst_senior.pdf
179,legitimate,Staff Engineer,Staff,14,"Manchester, United Kingdom",False,,cv_179_staff_engineer_staff.pdf
180,legitimate,BI Analyst,Senior,7,"Bristol, United Kingdom",False,,cv_180_bi_analyst_senior.pdf
181,legitimate,DevOps Engineer,Mid,5,"Lisbon, Portugal",True,,cv_181_devops_engineer_mid.pdf
182,legitimate,Data Scientist,Senior,8,"Amsterdam, Netherlands",True,,cv_182_data_scientist_senior.pdf
183,legitimate,Software Engineer,Mid,4,"Stockholm, Sweden",False,,cv_183_software_engineer_mid.pdf
184,legitimate,BI Analyst,Junior,2,"London, United Kingdom",True,,cv_184_bi_analyst_junior.pdf
185,legitimate,Principal Engineer,Staff,12,"Amsterdam, Netherlands",True,,cv_185_principal_engineer_staff.pdf
186,legitimate,Machine Learning Engineer,Staff,10,"Birmingham, United Kingdom",False,,cv_186_machine_learning_engineer_staff.pdf
187,legitimate,Data Engineer,Junior,1,"Paris, France",True,,cv_187_data_engineer_junior.pdf
188,legitimate,Backend Engineer,Mid,4,"Liverpool, United Kingdom",False,,cv_188_backend_engineer_mid.pdf
189,legitimate,Research Engineer,Junior,1,"Birmingham, United Kingdom",True,,cv_189_research_engineer_junior.pdf
190,legitimate,BI Analyst,Junior,1,"Oxford, United Kingdom",True,,cv_190_bi_analyst_junior.pdf
191,legitimate,Frontend Engineer,Staff,14,"Madrid, Spain",False,,cv_191_frontend_engineer_staff.pdf
192,legitimate,DevOps Engineer,Junior,2,"Barcelona, Spain",True,,cv_192_devops_engineer_junior.pdf
193,legitimate,Staff Engineer,Staff,14,"Liverpool, United Kingdom",True,,cv_193_staff_engineer_staff.pdf
194,legitimate,Frontend Engineer,Junior,1,"Glasgow, United Kingdom",True,,cv_194_frontend_engineer_junior.pdf
195,legitimate,DevOps Engineer,Mid,4,"Liverpool, United Kingdom",True,,cv_195_devops_engineer_mid.pdf
196,legitimate,Data Engineer,Staff,14,"Barcelona, Spain",False,,cv_196_data_engineer_staff.pdf
197,legitimate,Frontend Engineer,Mid,5,"Stockholm, Sweden",False,,cv_197_frontend_engineer_mid.pdf
198,legitimate,Research Engineer,Senior,6,"Paris, France",False,,cv_198_research_engineer_senior.pdf
199,legitimate,Data Engineer,Staff,10,"Madrid, Spain",False,,cv_199_data_engineer_staff.pdf
200,legitimate,Backend Engineer,Staff,14,"Paris, France",False,,cv_200_backend_engineer_staff.pdf
201,legitimate,Frontend Engineer,Senior,6,"Paris, France",True,,cv_201_frontend_engineer_senior.pdf
202,legitimate,Backend Engineer,Mid,5,"Madrid, Spain",False,,cv_202_backend_engineer_mid.pdf
203,legitimate,Backend Engineer,Junior,2,"Bristol, United Kingdom",True,,cv_203_backend_engineer_junior.pdf
204,legitimate,BI Analyst,Staff,14,"Edinburgh, United Kingdom",False,,cv_204_bi_analyst_staff.pdf
205,legitimate,Software Engineer,Senior,6,"Berlin, Germany",False,,cv_205_software_engineer_senior.pdf
206,legitimate,Data Scientist,Junior,1,"Amsterdam, Netherlands",True,,cv_206_data_scientist_junior.pdf
207,legitimate,Staff Engineer,Senior,6,"Bristol, United Kingdom",True,,cv_207_staff_engineer_senior.pdf
208,legitimate,DevOps Engineer,Mid,5,"Birmingham, United Kingdom",False,,cv_208_devops_engineer_mid.pdf
209,legitimate,Staff Engineer,Senior,6,"Lisbon, Portugal",False,,cv_209_staff_engineer_senior.pdf
210,legitimate,BI Analyst,Staff,14,"Copenhagen, Denmark",False,,cv_210_bi_analyst_staff.pdf
211,legitimate,BI Analyst,Senior,8,"Berlin, Germany",True,,cv_211_bi_analyst_senior.pdf
212,legitimate,Data Scientist,Staff,12,"Liverpool, United Kingdom",False,,cv_212_data_scientist_staff.pdf
213,legitimate,BI Analyst,Junior,2,"Dublin, Ireland",True,,cv_213_bi_analyst_junior.pdf
214,legitimate,Full Stack Engineer,Staff,10,"Manchester, United Kingdom",False,,cv_214_full_stack_engineer_staff.pdf
215,legitimate,Software Engineer,Junior,1,"Zurich, Switzerland",True,,cv_215_software_engineer_junior.pdf
216,legitimate,Frontend Engineer,Staff,14,"Stockholm, Sweden",False,,cv_216_frontend_engineer_staff.pdf
217,legitimate,Principal Engineer,Senior,7,"Copenhagen, Denmark",False,,cv_217_principal_engineer_senior.pdf
218,legitimate,Backend Engineer,Staff,14,"Birmingham, United Kingdom",False,,cv_218_backend_engineer_staff.pdf
219,legitimate,Full Stack Engineer,Junior,2,"Edinburgh, United Kingdom",True,,cv_219_full_stack_engineer_junior.pdf
220,legitimate,Machine Learning Engineer,Junior,1,"Madrid, Spain",False,,cv_220_machine_learning_engineer_junior.pdf
221,legitimate,Data Analyst,Mid,4,"Amsterdam, Netherlands",False,,cv_221_data_analyst_mid.pdf
222,legitimate,Frontend Engineer,Staff,12,"Zurich, Switzerland",True,,cv_222_frontend_engineer_staff.pdf
223,legitimate,Staff Engineer,Staff,10,"Berlin, Germany",True,,cv_223_staff_engineer_staff.pdf
224,legitimate,Staff Engineer,Staff,12,"Oxford, United Kingdom",False,,cv_224_staff_engineer_staff.pdf
225,legitimate,Staff Engineer,Senior,7,"Edinburgh, United Kingdom",False,,cv_225_staff_engineer_senior.pdf
226,legitimate,Machine Learning Engineer,Senior,7,"Paris, France",True,,cv_226_machine_learning_engineer_senior.pdf
227,legitimate,Principal Engineer,Senior,7,"Stockholm, Sweden",False,,cv_227_principal_engineer_senior.pdf
228,legitimate,Research Engineer,Senior,6,"Dublin, Ireland",True,,cv_228_research_engineer_senior.pdf
229,legitimate,Staff Engineer,Staff,14,"Amsterdam, Netherlands",True,,cv_229_staff_engineer_staff.pdf
230,legitimate,Software Engineer,Mid,3,"Berlin, Germany",False,,cv_230_software_engineer_mid.pdf
231,legitimate,Full Stack Engineer,Mid,3,"Birmingham, United Kingdom",True,,cv_231_full_stack_engineer_mid.pdf
232,legitimate,Software Engineer,Junior,1,"Berlin, Germany",False,,cv_232_software_engineer_junior.pdf
233,legitimate,BI Analyst,Mid,5,"Paris, France",True,,cv_233_bi_analyst_mid.pdf
234,legitimate,Machine Learning Engineer,Mid,5,"Madrid, Spain",True,,cv_234_machine_learning_engineer_mid.pdf
235,legitimate,Backend Engineer,Mid,4,"Zurich, Switzerland",True,,cv_235_backend_engineer_mid.pdf
236,legitimate,Principal Engineer,Staff,10,"Stockholm, Sweden",False,,cv_236_principal_engineer_staff.pdf
237,legitimate,Research Engineer,Staff,10,"Amsterdam, Netherlands",False,,cv_237_research_engineer_staff.pdf
238,legitimate,BI Analyst,Staff,12,"Liverpool, United Kingdom",False,,cv_238_bi_analyst_staff.pdf
239,legitimate,Data Analyst,Staff,10,"Glasgow, United Kingdom",False,,cv_239_data_analyst_staff.pdf
240,legitimate,Machine Learning Engineer,Senior,6,"Lisbon, Portugal",False,,cv_240_machine_learning_engineer_senior.pdf
241,legitimate,Data Analyst,Junior,1,"Liverpool, United Kingdom",True,,cv_241_data_analyst_junior.pdf
242,legitimate,Machine Learning Engineer,Senior,7,"Dublin, Ireland",True,,cv_242_machine_learning_engineer_senior.pdf
243,legitimate,Frontend Engineer,Junior,1,"Madrid, Spain",False,,cv_243_frontend_engineer_junior.pdf
244,legitimate,Data Engineer,Staff,10,"Paris, France",False,,cv_244_data_engineer_staff.pdf
245,legitimate,DevOps Engineer,Staff,10,"Amsterdam, Netherlands",False,,cv_245_devops_engineer_staff.pdf
246,legitimate,Backend Engineer,Junior,2,"Birmingham, United Kingdom",True,,cv_246_backend_engineer_junior.pdf
247,legitimate,Software Engineer,Staff,14,"Birmingham, United Kingdom",False,,cv_247_software_engineer_staff.pdf
248,legitimate,Full Stack Engineer,Staff,14,"London, United Kingdom",False,,cv_248_full_stack_engineer_staff.pdf
249,legitimate,Data Engineer,Senior,6,"Birmingham, United Kingdom",False,,cv_249_data_engineer_senior.pdf
250,legitimate,Principal Engineer,Staff,10,"Liverpool, United Kingdom",False,,cv_250_principal_engineer_staff.pdf
251,legitimate,Data Scientist,Junior,1,"Barcelona, Spain",True,,cv_251_data_scientist_junior.pdf
252,legitimate,BI Analyst,Staff,10,"Bristol, United Kingdom",False,,cv_252_bi_analyst_staff.pdf
253,legitimate,Full Stack Engineer,Junior,1,"Birmingham, United Kingdom",True,,cv_253_full_stack_engineer_junior.pdf
254,legitimate,Data Engineer,Senior,6,"Copenhagen, Denmark",False,,cv_254_data_engineer_senior.pdf
255,legitimate,Staff Engineer,Senior,8,"Amsterdam, Netherlands",True,,cv_255_staff_engineer_senior.pdf
256,legitimate,Data Analyst,Junior,2,"Lisbon, Portugal",True,,cv_256_data_analyst_junior.pdf
257,legitimate,Frontend Engineer,Senior,7,"London, United Kingdom",False,,cv_257_frontend_engineer_senior.pdf
258,legitimate,Data Scientist,Senior,6,"Bristol, United Kingdom",False,,cv_258_data_scientist_senior.pdf
259,legitimate,Principal Engineer,Staff,10,"Manchester, United Kingdom",False,,cv_259_principal_engineer_staff.pdf
260,legitimate,Backend Engineer,Mid,5,"Madrid, Spain",False,,cv_260_backend_engineer_mid.pdf
261,legitimate,Full Stack Engineer,Mid,3,"Edinburgh, United Kingdom",False,,cv_261_full_stack_engineer_mid.pdf
262,legitimate,Full Stack Engineer,Junior,2,"Glasgow, United Kingdom",True,,cv_262_full_stack_engineer_junior.pdf
263,legitimate,DevOps Engineer,Junior,2,"Liverpool, United Kingdom",True,,cv_263_devops_engineer_junior.pdf
264,legitimate,Data Analyst,Staff,12,"Manchester, United Kingdom",False,,cv_264_data_analyst_staff.pdf
265,legitimate,DevOps Engineer,Senior,7,"Manchester, United Kingdom",False,,cv_265_devops_engineer_senior.pdf
266,legitimate,Backend Engineer,Senior,6,"Amsterdam, Netherlands",False,,cv_266_backend_engineer_senior.pdf
267,legitimate,Frontend Engineer,Staff,12,"Berlin, Germany",False,,cv_267_frontend_engineer_staff.pdf
268,legitimate,Full Stack Engineer,Staff,12,"Dublin, Ireland",False,,cv_268_full_stack_engineer_staff.pdf
269,legitimate,Data Scientist,Staff,10,"Barcelona, Spain",False,,cv_269_data_scientist_staff.pdf
270,legitimate,Machine Learning Engineer,Senior,7,"Bristol, United Kingdom",True,,cv_270_machine_learning_engineer_senior.pdf
271,legitimate,Staff Engineer,Staff,12,"Madrid, Spain",False,,cv_271_staff_engineer_staff.pdf
272,legitimate,Frontend Engineer,Mid,5,"Madrid, Spain",True,,cv_272_frontend_engineer_mid.pdf
273,legitimate,Data Engineer,Senior,8,"Barcelona, Spain",True,,cv_273_data_engineer_senior.pdf
274,legitimate,Research Engineer,Junior,1,"Paris, France",True,,cv_274_research_engineer_junior.pdf
275,legitimate,Research Engineer,Mid,3,"Birmingham, United Kingdom",False,,cv_275_research_engineer_mid.pdf
276,legitimate,Staff Engineer,Staff,10,"Birmingham, United Kingdom",True,,cv_276_staff_engineer_staff.pdf
277,legitimate,Research Engineer,Senior,7,"Paris, France",False,,cv_277_research_engineer_senior.pdf
278,legitimate,Data Engineer,Mid,5,"Madrid, Spain",False,,cv_278_data_engineer_mid.pdf
279,legitimate,Backend Engineer,Staff,10,"Copenhagen, Denmark",False,,cv_279_backend_engineer_staff.pdf
280,legitimate,Backend Engineer,Staff,12,"Oxford, United Kingdom",False,,cv_280_backend_engineer_staff.pdf
281,legitimate,Data Scientist,Junior,1,"Lisbon, Portugal",True,,cv_281_data_scientist_junior.pdf
282,legitimate,Data Analyst,Junior,2,"Oxford, United Kingdom",False,,cv_282_data_analyst_junior.pdf
283,legitimate,DevOps Engineer,Senior,8,"Lisbon, Portugal",True,,cv_283_devops_engineer_senior.pdf
284,legitimate,Machine Learning Engineer,Junior,2,"Leeds, United Kingdom",False,,cv_284_machine_learning_engineer_junior.pdf
285,legitimate,Full Stack Engineer,Junior,2,"Amsterdam, Netherlands",False,,cv_285_full_stack_engineer_junior.pdf
286,legitimate,Data Analyst,Senior,7,"Leeds, United Kingdom",False,,cv_286_data_analyst_senior.pdf
287,legitimate,Principal Engineer,Senior,7,"Dublin, Ireland",True,,cv_287_principal_engineer_senior.pdf
288,legitimate,DevOps Engineer,Mid,3,"Lisbon, Portugal",True,,cv_288_devops_engineer_mid.pdf
289,legitimate,Data Analyst,Senior,7,"Stockholm, Sweden",True,,cv_289_data_analyst_senior.pdf
290,legitimate,Data Scientist,Junior,2,"Paris, France",False,,cv_290_data_scientist_junior.pdf
291,legitimate,Principal Engineer,Staff,14,"Barcelona, Spain",False,,cv_291_principal_engineer_staff.pdf
292,legitimate,BI Analyst,Junior,1,"Berlin, Germany",True,,cv_292_bi_analyst_junior.pdf
293,legitimate,Full Stack Engineer,Staff,14,"Dublin, Ireland",False,,cv_293_full_stack_engineer_staff.pdf
294,legitimate,Research Engineer,Mid,3,"Barcelona, Spain",False,,cv_294_research_engineer_mid.pdf
295,legitimate,Data Engineer,Junior,1,"Liverpool, United Kingdom",True,,cv_295_data_engineer_junior.pdf
296,legitimate,Backend Engineer,Mid,4,"Dublin, Ireland",False,,cv_296_backend_engineer_mid.pdf
297,legitimate,Data Scientist,Senior,6,"Stockholm, Sweden",True,,cv_297_data_scientist_senior.pdf
298,legitimate,Staff Engineer,Staff,14,"Stockholm, Sweden",True,,cv_298_staff_engineer_staff.pdf
299,legitimate,Staff Engineer,Senior,8,"Copenhagen, Denmark",True,,cv_299_staff_engineer_senior.pdf
300,legitimate,Staff Engineer,Staff,14,"Manchester, United Kingdom",False,,cv_300_staff_engineer_staff.pdf
